Book Id,Title,Author,Author l-f,Additional Authors,ISBN,ISBN13,My Rating,Average Rating,Publisher,Binding,Number of Pages,Year Published,Original Publication Year,Date Read,Date Added,Bookshelves,Bookshelves with positions,Exclusive Shelf,My Review,Spoiler,Private Notes,Read Count,Owned Copies
44767458,Dune (Dune #1),Frank Herbert,"Herbert, Frank",,"=""0441172717""","=""9780441172719""",5,4.27,Ace,Mass Market Paperback,688,1990,1965,2026/01/12,2025/12/30,"sci-fi, favorites","sci-fi (#3), favorites (#1)",read,"Spice, sandworms and politics. Holds up.",,,1,1
54493401,Project Hail Mary,Andy Weir,"Weir, Andy",,"=""0593135202""","=""9780593135204""",5,4.52,Ballantine Books,Hardcover,496,2021,2021,2026/02/03,2026/01/15,sci-fi,sci-fi (#4),read,"Rocky!!! <br/><br/>Best ""buddy"" story I've read in years.",,,1,0
5907,The Hobbit (Middle-earth Universe),J.R.R. Tolkien,"Tolkien, J.R.R.",,"=""054792822X""","=""9780547928227""",4,4.29,Houghton Mifflin Harcourt,Paperback,300,2012,1937,2026/03/20,2024/06/01,"fantasy, re-reads","fantasy (#2), re-reads (#1)",read,,,,2,1
35959740,Circe,Madeline Miller,"Miller, Madeline",,"=""0316556343""","=""9780316556347""",4,4.24,"Little, Brown and Company",Hardcover,393,2018,2018,2026/04/02,2026/03/01,"fantasy, mythology","fantasy (#5), mythology (#1)",read,"Gorgeous prose.

Second half dragged a little, but the ending ""landed"" for me.",,,1,0
61431922,Fourth Wing (The Empyrean #1),Rebecca Yarros,"Yarros, Rebecca",,"=""1649374046""","=""9781649374042""",3,4.56,Entangled: Red Tower Books,Hardcover,517,2023,2023,2026/04/28,2026/04/10,"fantasy, romantasy","fantasy (#6), romantasy (#1)",read,,,,1,0
58784475,"Tomorrow, and Tomorrow, and Tomorrow",Gabrielle Zevin,"Zevin, Gabrielle",,"=""0593321200""","=""9780593321201""",5,4.17,Knopf,Hardcover,416,2022,2022,2026/05/19,2026/05/01,literary-fiction,literary-fiction (#1),read,,,,1,1
33,"The Fellowship of the Ring (The Lord of the Rings, #1)",J.R.R. Tolkien,"Tolkien, J.R.R.",,"=""0547928211""","=""9780547928210""",0,4.38,Mariner Books,Paperback,432,2012,1954,2026/06/30,2026/06/01,fantasy,fantasy (#7),read,,,,1,1
40121378,Atomic Habits,James Clear,"Clear, James",,"=""0735211299""","=""9780735211292""",4,4.37,Avery,Hardcover,320,2018,2018,,2025/11/02,non-fiction,non-fiction (#1),read,,,,1,0
186074,The Name of the Wind (The Kingkiller Chronicle #1),Patrick Rothfuss,"Rothfuss, Patrick",,"=""""","=""""",4,4.52,DAW Books,Kindle Edition,662,2007,2007,2026/07/21,2026/07/01,fantasy,fantasy (#8),read,,,,1,0
57945316,Babel,R.F. Kuang,"Kuang, R.F.",,"=""0063021420""","=""9780063021426""",0,4.15,Harper Voyager,Hardcover,545,2022,2022,,2026/08/14,to-read,to-read (#1),to-read,,,,0,0
63261346,The Covenant of Water,Abraham Verghese,"Verghese, Abraham",,"=""0802162177""","=""9780802162175""",0,4.48,Grove Press,Hardcover,724,2023,2023,,2026/09/20,currently-reading,currently-reading (#1),currently-reading,,,,0,1
338798,Ulysses,James Joyce,"Joyce, James",,"=""0679722769""","=""9780679722762""",0,3.74,Vintage,Paperback,783,1990,1922,,2026/02/10,dnf,dnf (#1),dnf,"Tried. Twice.",,,0,0
1885,Pride and Prejudice,Jane Austen,"Austen, Jane",,"=""0141439513""","=""9780141439518""",5,4.29,Penguin Classics,Paperback,480,2002,1813,,2025/09/14,"classics, favorites","classics (#1), favorites (#2)",read,,,,1,1
99999999,Untitled Notebook Draft,A. Nobody,"Nobody, A.",,"=""""","=""""",0,0.00,,Paperback,,,,,2026/09/01,to-read,to-read (#2),to-read,,,,0,0
